{
    "diabetes": {
        "mean": {
            "Pregnancies": 3.8450520833333335,
            "Glucose": 120.89453125,
            "BloodPressure": 69.10546875,
            "SkinThickness": 20.536458333333332,
            "Insulin": 79.79947916666667,
            "BMI": 31.992578124999998,
            "DiabetesPedigreeFunction": 0.47187630208333325,
            "Age": 33.240885416666664,
            "Outcome": 0.3489583333333333
        },
        "healthy": {
            "Pregnancies": 3.298,
            "Glucose": 109.98,
            "BloodPressure": 68.184,
            "SkinThickness": 19.664,
            "Insulin": 68.792,
            "BMI": 30.3042,
            "DiabetesPedigreeFunction": 0.42973400000000006,
            "Age": 31.19,
            "Outcome": 0.0
        },
        "positive": {
            "Pregnancies": 4.865671641791045,
            "Glucose": 141.25746268656715,
            "BloodPressure": 70.82462686567165,
            "SkinThickness": 22.16417910447761,
            "Insulin": 100.33582089552239,
            "BMI": 35.14253731343284,
            "DiabetesPedigreeFunction": 0.5505,
            "Age": 37.06716417910448,
            "Outcome": 1.0
        }
    },
    "heart": {
        "mean": {
            "age": 54.366336633663366,
            "sex": 0.6831683168316832,
            "cp": 0.966996699669967,
            "trestbps": 131.62376237623764,
            "chol": 246.26402640264027,
            "fbs": 0.1485148514851485,
            "restecg": 0.528052805280528,
            "thalach": 149.64686468646866,
            "exang": 0.32673267326732675,
            "oldpeak": 1.0396039603960396,
            "slope": 1.3993399339933994,
            "ca": 0.7293729372937293,
            "thal": 2.3135313531353137,
            "target": 0.5445544554455446
        },
        "healthy": {
            "age": 56.60144927536232,
            "sex": 0.8260869565217391,
            "cp": 0.4782608695652174,
            "trestbps": 134.3985507246377,
            "chol": 251.08695652173913,
            "fbs": 0.15942028985507245,
            "restecg": 0.4492753623188406,
            "thalach": 139.1014492753623,
            "exang": 0.5507246376811594,
            "oldpeak": 1.5855072463768116,
            "slope": 1.1666666666666667,
            "ca": 1.1666666666666667,
            "thal": 2.5434782608695654,
            "target": 0.0
        },
        "positive": {
            "age": 52.4969696969697,
            "sex": 0.5636363636363636,
            "cp": 1.3757575757575757,
            "trestbps": 129.3030303030303,
            "chol": 242.23030303030302,
            "fbs": 0.1393939393939394,
            "restecg": 0.593939393939394,
            "thalach": 158.46666666666667,
            "exang": 0.1393939393939394,
            "oldpeak": 0.583030303030303,
            "slope": 1.593939393939394,
            "ca": 0.36363636363636365,
            "thal": 2.121212121212121,
            "target": 1.0
        }
    },
    "parkinsons": {
        "mean": {
            "MDVP:Fo(Hz)": 154.22864102564102,
            "MDVP:Fhi(Hz)": 197.10491794871797,
            "MDVP:Flo(Hz)": 116.32463076923077,
            "MDVP:Jitter(%)": 0.006220461538461538,
            "MDVP:Jitter(Abs)": 4.395897435897436e-05,
            "MDVP:RAP": 0.003306410256410257,
            "MDVP:PPQ": 0.003446358974358974,
            "Jitter:DDP": 0.009919948717948717,
            "MDVP:Shimmer": 0.0297091282051282,
            "MDVP:Shimmer(dB)": 0.2822512820512821,
            "Shimmer:APQ3": 0.015664153846153845,
            "Shimmer:APQ5": 0.017878256410256407,
            "MDVP:APQ": 0.02408148717948718,
            "Shimmer:DDA": 0.04699261538461539,
            "NHR": 0.02484707692307692,
            "HNR": 21.885974358974355,
            "status": 0.7538461538461538,
            "RPDE": 0.4985355384615385,
            "DFA": 0.7180990461538461,
            "spread1": -5.684396743589745,
            "spread2": 0.22651034871794873,
            "D2": 2.3818260871794874,
            "PPE": 0.20655164102564103
        },
        "healthy": {
            "MDVP:Fo(Hz)": 181.9377708333333,
            "MDVP:Fhi(Hz)": 223.63675,
            "MDVP:Flo(Hz)": 145.2072916666667,
            "MDVP:Jitter(%)": 0.0038660416666666665,
            "MDVP:Jitter(Abs)": 2.3375000000000002e-05,
            "MDVP:RAP": 0.0019250000000000003,
            "MDVP:PPQ": 0.0020560416666666665,
            "Jitter:DDP": 0.005776041666666666,
            "MDVP:Shimmer": 0.01761520833333333,
            "MDVP:Shimmer(dB)": 0.16295833333333334,
            "Shimmer:APQ3": 0.009503541666666667,
            "Shimmer:APQ5": 0.010508541666666668,
            "MDVP:APQ": 0.013304791666666668,
            "Shimmer:DDA": 0.028511458333333337,
            "NHR": 0.011482708333333333,
            "HNR": 24.678749999999997,
            "status": 0.0,
            "RPDE": 0.442551875,
            "DFA": 0.6957155625000001,
            "spread1": -6.759263874999999,
            "spread2": 0.16029200000000002,
            "D2": 2.1544907291666666,
            "PPE": 0.12301710416666667
        },
        "positive": {
            "MDVP:Fo(Hz)": 145.1807619047619,
            "MDVP:Fhi(Hz)": 188.44146258503403,
            "MDVP:Flo(Hz)": 106.89355782312924,
            "MDVP:Jitter(%)": 0.006989251700680272,
            "MDVP:Jitter(Abs)": 5.068027210884354e-05,
            "MDVP:RAP": 0.0037574829931972796,
            "MDVP:PPQ": 0.003900340136054422,
            "Jitter:DDP": 0.011273061224489796,
            "MDVP:Shimmer": 0.03365816326530613,
            "MDVP:Shimmer(dB)": 0.32120408163265307,
            "Shimmer:APQ3": 0.01767578231292517,
            "Shimmer:APQ5": 0.020284693877551024,
            "MDVP:APQ": 0.0276004081632653,
            "Shimmer:DDA": 0.05302727891156462,
            "NHR": 0.029210952380952383,
            "HNR": 20.974047619047617,
            "status": 1.0,
            "RPDE": 0.5168159183673469,
            "DFA": 0.7254079387755102,
            "spread1": -5.333419721088434,
            "spread2": 0.2481326666666667,
            "D2": 2.4560580408163264,
            "PPE": 0.2338282244897959
        }
    }
}